review_text,rating,date,bank_name,source
best,5,2025-06-05,Dashen Bank,Google Play
nice application,4,2025-05-27,Dashen Bank,Google Play
best,5,2025-05-22,Dashen Bank,Google Play
bast smart bank sistem dashen amole dashen bamk,5,2025-05-17,Dashen Bank,Google Play
best app,5,2025-05-16,Dashen Bank,Google Play
·àà·ä†·å†·âÉ·âÄ·àù ·ä•·åÖ·åç ·âÄ·àã·àç·äì ·ãµ·àÖ·äï·äê·â± ·ã®·â∞·å†·â†·âÄ ·äê·ãç·ç¢,5,2025-05-16,Dashen Bank,Google Play
"Worst app possible, I don't think it gets worse than this. Least user friendly process to exchange your own money, far too many hurdles you have to get past to make a simple money transfer. Even after getting past all the hurdles you are restricted with a min and I believe a max amount of your own money you have access to, not to mention time restrictions; I wasn't able to access my money past midnight multiple times. You can't change tab to another app, having opened this without it crashing.",1,2025-05-15,Dashen Bank,Google Play
I'm a Dashen Bank customer as I know its function and duty. Thanks.,5,2025-05-15,Dashen Bank,Google Play
i love it,4,2025-05-15,Dashen Bank,Google Play
Amole is the digital mobile application what i prefer.,5,2025-05-15,Dashen Bank,Google Play
nice,4,2025-05-12,Dashen Bank,Google Play
best mobile banking appüëç,5,2025-05-10,Dashen Bank,Google Play
Complicated and fake app,1,2025-04-29,Dashen Bank,Google Play
Its Good updation from Previous,3,2025-04-25,Dashen Bank,Google Play
yarid dima,5,2025-04-17,Dashen Bank,Google Play
Best app,5,2025-04-14,Dashen Bank,Google Play
"Requires updates too frequently, often has server related issues, the fingerprint always requires updating, it's the most unreliable app I've used and always fails when you want to make urgent payments.",2,2025-04-10,Dashen Bank,Google Play
dashin,3,2025-04-08,Dashen Bank,Google Play
disappointed because of option to transfer cash on telebirr is limited for self only.... those and other similar given choices by the bank used us to choose this bank over others! no doubt I will be not preferring this bank with no unique incentives.,1,2025-03-29,Dashen Bank,Google Play
everything is perfect,5,2025-03-29,Dashen Bank,Google Play
good,4,2025-03-26,Dashen Bank,Google Play
good,5,2025-03-26,Dashen Bank,Google Play
Dashin Bank#1,5,2025-03-20,Dashen Bank,Google Play
Not working,1,2025-03-19,Dashen Bank,Google Play
Both Amole & Dashen superApp are by far the worst mobile banking apps i have ever came across. if only there is 0 star option,1,2025-03-18,Dashen Bank,Google Play
"funny app, so much gymnastics just to be an app for sending and receiving money.",3,2025-03-18,Dashen Bank,Google Play
I use this app so many times so i like it,5,2025-03-17,Dashen Bank,Google Play
Why did u change the option to transfer to other tellebirr account,1,2025-03-17,Dashen Bank,Google Play
It's nice and simple to use app.,5,2025-03-17,Dashen Bank,Google Play
Just üëç,5,2025-03-15,Dashen Bank,Google Play
Not god its,5,2025-03-14,Dashen Bank,Google Play
Regarding Internet banking i really choice a Dashen Bank and I have one recommendation for app developer shall considere the low android level means 4-6 android to adress all types of android users because now a days the current updated app can't support such android.Thanks!!!,5,2025-03-08,Dashen Bank,Google Play
It doesn't work,1,2025-03-02,Dashen Bank,Google Play
·àù·à≠·å•,5,2025-02-28,Dashen Bank,Google Play
Best,5,2025-02-26,Dashen Bank,Google Play
Please the update is refused to be download on my phone tecno f1. Please solve this issue ASAP,1,2025-02-26,Dashen Bank,Google Play
Excellent app,5,2025-02-24,Dashen Bank,Google Play
"Very poor service, always not responding when ever we need to transfer I rate it 0 !",1,2025-02-23,Dashen Bank,Google Play
The recent update is broken. It diesn't allow to take screen shots (which by it self is not a problem) and the share button of a transaction doesn't work nor it will download the transaction receipt. I know security is especially important for banking systems but such a huge limitations on functionality will not serve the app any good. I guess the super app is the way to go.,2,2025-02-21,Dashen Bank,Google Play
It is good but have so much problem ...even it say not compateble to your phone...it not easy for work ..,1,2025-02-20,Dashen Bank,Google Play
Dashen bank ATM,5,2025-02-20,Dashen Bank,Google Play
Good,1,2025-02-18,Dashen Bank,Google Play
Good Banking App,5,2025-02-17,Dashen Bank,Google Play
stay hamble,5,2025-02-14,Dashen Bank,Google Play
Great,5,2025-02-13,Dashen Bank,Google Play
·ã≠·àÑ ·ä†·à™·çç,2,2025-02-12,Dashen Bank,Google Play
good app i like it but still i am confused because i cannot use prperly so Please check the app,3,2025-02-12,Dashen Bank,Google Play
Very slow and it seems it needs update everytime,1,2025-02-12,Dashen Bank,Google Play
Best,5,2025-02-12,Dashen Bank,Google Play
Nice,5,2025-02-11,Dashen Bank,Google Play
Open app amole dashin,5,2025-02-10,Dashen Bank,Google Play
Akiliua,5,2025-02-10,Dashen Bank,Google Play
Perfiekt,5,2025-02-10,Dashen Bank,Google Play
Help,5,2025-02-08,Dashen Bank,Google Play
Good app,5,2025-02-08,Dashen Bank,Google Play
A very fast mobile banking app,5,2025-02-07,Dashen Bank,Google Play
Good,5,2025-02-07,Dashen Bank,Google Play
Good,5,2025-02-07,Dashen Bank,Google Play
Good job,5,2025-02-07,Dashen Bank,Google Play
Good job,5,2025-02-07,Dashen Bank,Google Play
It's nice and easy to use,5,2025-02-07,Dashen Bank,Google Play
Nice app,5,2025-02-07,Dashen Bank,Google Play
Good app i used it always,5,2025-02-07,Dashen Bank,Google Play
It is very very slow pls update,2,2025-02-06,Dashen Bank,Google Play
Very slow and it seems that every update something else is not working. The latest update doesn't allow me to use biometrics anymore and maximum daily transfer to Telebirr is 5k?!,1,2025-02-04,Dashen Bank,Google Play
Good app Amole Wonderful,5,2025-02-01,Dashen Bank,Google Play
This app needs many modifications. It takes long time to log in to the account. It is not as fast as CBE. please Update itüôèüôèüôè,1,2025-02-01,Dashen Bank,Google Play
"The app is cool, but unlike other banks they don't provide a receipt for mobile banking transactions, which makes it useless for payments that require receipt",2,2025-01-31,Dashen Bank,Google Play
I am glad to customer with you .I have plan to use dube ale and amole.,5,2025-01-27,Dashen Bank,Google Play
WOW that's awesome,5,2025-01-27,Dashen Bank,Google Play
I cant choose select an account,1,2025-01-26,Dashen Bank,Google Play
Goodüëç,5,2025-01-22,Dashen Bank,Google Play
Good,5,2025-01-16,Dashen Bank,Google Play
wow,5,2025-01-15,Dashen Bank,Google Play
we needs modification at all !,1,2025-01-14,Dashen Bank,Google Play
It was good at first but now the system is very bad.please try to fix it.,1,2025-01-14,Dashen Bank,Google Play
Generic error how tofix,4,2025-01-06,Dashen Bank,Google Play
Fast and suitable to learn.,5,2025-01-04,Dashen Bank,Google Play
"The app is extremely slow, often stuck on the logo. Security is poor, requiring only username/password. This allows unauthorized transactions. A large company like yours needs stronger security, such as two-factor authentication. The app's speed lags significantly compared to others. Numerous updates are needed to improve performance and security. Currently, it's a frustrating and time-wasting experience.",1,2025-01-03,Dashen Bank,Google Play
Sometimes it's soo slow,3,2025-01-01,Dashen Bank,Google Play
the best app I used always,1,2024-12-31,Dashen Bank,Google Play
Amole apk is ..... it's very good apk . please used amole Apk,5,2024-12-29,Dashen Bank,Google Play
fast and secure app,5,2024-12-23,Dashen Bank,Google Play
Ok,4,2024-12-18,Dashen Bank,Google Play
I am new for this App let me to use and i will rate 5 star while i get Satisfie,3,2024-12-17,Dashen Bank,Google Play
Yeb,5,2024-12-12,Dashen Bank,Google Play
Good Ait service!,5,2024-12-09,Dashen Bank,Google Play
Sisay mustefa abani,5,2024-12-09,Dashen Bank,Google Play
Wow,5,2024-12-06,Dashen Bank,Google Play
"It can't load, even in a fast network connection. This app is so bad that it needs fixing",1,2024-12-05,Dashen Bank,Google Play
The best mobile banking in Ethiopia üëçüëç,5,2024-12-03,Dashen Bank,Google Play
Thnk you,5,2024-12-02,Dashen Bank,Google Play
Nice,5,2024-11-30,Dashen Bank,Google Play
I like this app b/c it has many options and easily useable,5,2024-11-29,Dashen Bank,Google Play
Its nice but it does not have speed it requires a lot of patience it will not be for a problem,3,2024-11-28,Dashen Bank,Google Play
It is better if he blinks (·ä®·äï·åç·ãµ ·â£·äï·ä≠666).,5,2024-11-28,Dashen Bank,Google Play
Naysssss,5,2024-11-27,Dashen Bank,Google Play
best,5,2024-11-27,Dashen Bank,Google Play
It's good,3,2024-11-21,Dashen Bank,Google Play
Big love,5,2024-11-20,Dashen Bank,Google Play
Excellent,5,2024-11-16,Dashen Bank,Google Play
Please decrease app size,4,2024-11-09,Dashen Bank,Google Play
Nice app,5,2024-11-08,Dashen Bank,Google Play
It's great,5,2024-11-08,Dashen Bank,Google Play
Alem Zeleqe,3,2024-11-08,Dashen Bank,Google Play
‚ù§Ô∏è,5,2024-11-08,Dashen Bank,Google Play
Best,5,2024-11-06,Dashen Bank,Google Play
Nice,1,2024-10-30,Dashen Bank,Google Play
Great Financial App,5,2024-10-28,Dashen Bank,Google Play
Deshan bank,5,2024-10-27,Dashen Bank,Google Play
"Still in love with it but while the app start to open, it takes time pls upgrade & fix the bug.",5,2024-10-22,Dashen Bank,Google Play
It's such an amazing app. Truly Dashen bank is always one step ahead of other banks in üá™üáπ üëç,5,2024-10-16,Dashen Bank,Google Play
Good,5,2024-10-02,Dashen Bank,Google Play
Best App for all users.,5,2024-10-02,Dashen Bank,Google Play
I ilke very much,5,2024-09-25,Dashen Bank,Google Play
"The app suffers from severe performance issues, particularly with response times. The backend seems to have high latency, as the OTP generation and delivery process consistently delays, even after the server acknowledges that it has been sent. API requests frequently fail, returning non-descriptive error messages that lack proper exception handling, making it difficult for users to understand the issue. I know you will gonne say""ehe yedekem hzb teche alteche"", but that it.",1,2024-09-12,Dashen Bank,Google Play
"The security, cool, every time OTP!! The UI, let's not talk about the UI, But how the heck it says ""offline mode is not available"" something like that, when I enter more than the max amount to transfer. Fellas i am a web dev, this is bad UX. It needs update on the UX. Will see the UI later.",3,2024-09-10,Dashen Bank,Google Play
Select from Sending account option not working when trying to send to other banks,2,2024-09-08,Dashen Bank,Google Play
It's not working,1,2024-09-08,Dashen Bank,Google Play
nice App,5,2024-09-07,Dashen Bank,Google Play
·ã®·ä†·äï·ã∞·äõ ·âÄ·ã≥·àö ·àù·à≠·å´·âΩ·äï ·ã≥·àΩ·äï ·â£·äï·ä≠ ·àÅ·àç·åä·ãú ·ä†·äï·ãµ ·ä•·à≠·àù·åÉ ·âÄ·ã≥·àö·ç¢ ·ã®·ä†·àû·àå ·ä†·àµ·å†·âÉ·àö·ç¢,5,2024-09-03,Dashen Bank,Google Play
best app,5,2024-08-29,Dashen Bank,Google Play
·â†·å†·àù ·ãç·ã∞·ãµ·ä©·âµ ·àµ·àÖ·â∞·âµ ·ä®·àà·ãç ·â†·å†·àù ·àò·ãù·åà·â± ·ã∞·àµ ·â•·àé·äõ·àç,5,2024-08-24,Dashen Bank,Google Play
üî•,4,2024-08-24,Dashen Bank,Google Play
"Although the application is good, but, it is difficult to get out. The app does not work to get out with the back cursor . Fix it quickly.",1,2024-08-22,Dashen Bank,Google Play
Go,3,2024-08-21,Dashen Bank,Google Play
"I like thise app it is smart app,but when i make one mistake it will automatically block",5,2024-08-15,Dashen Bank,Google Play
Nice,5,2024-08-14,Dashen Bank,Google Play
Suaud,5,2024-08-05,Dashen Bank,Google Play
Ok,5,2024-08-03,Dashen Bank,Google Play
wenderfull,5,2024-08-03,Dashen Bank,Google Play
Nice app in Ethiopia,5,2024-08-01,Dashen Bank,Google Play
Nice,5,2024-07-30,Dashen Bank,Google Play
simply the best,5,2024-07-26,Dashen Bank,Google Play
Very nice mob app,3,2024-07-26,Dashen Bank,Google Play
nice,5,2024-07-24,Dashen Bank,Google Play
Good,5,2024-07-09,Dashen Bank,Google Play
Best,5,2024-07-02,Dashen Bank,Google Play
"I hate this app stack and blackscreen not open as required ,normaly i resigned my job do to this app b/c our salary are depoite by dashen bank",1,2024-06-28,Dashen Bank,Google Play
Wow Very Nice App,5,2024-06-22,Dashen Bank,Google Play
Telebirr agent deposit is not working until now. Please fix it. Fix it fast.,5,2024-06-19,Dashen Bank,Google Play
Very good,5,2024-06-16,Dashen Bank,Google Play
The developers have incorporated biometric login which has made the app very convenient and user friendly. I will now increase my rating as promised,5,2024-06-15,Dashen Bank,Google Play
Memekaye miliyoon girmaa,3,2024-06-14,Dashen Bank,Google Play
This app is ü§©,5,2024-06-12,Dashen Bank,Google Play
Be adjusted this app is not available anytime,5,2024-06-11,Dashen Bank,Google Play
Super app,5,2024-06-10,Dashen Bank,Google Play
"Very poor app! It locked my out without any reason, does not have any conformation or screenshots . And delay when opening of the app. It is just time wasting.",1,2024-06-09,Dashen Bank,Google Play
Best app....,5,2024-06-06,Dashen Bank,Google Play
wow amole,4,2024-06-03,Dashen Bank,Google Play
We,1,2024-06-01,Dashen Bank,Google Play
Best,5,2024-06-01,Dashen Bank,Google Play
Tye app is mostly good but you should make it be able to save usernames instead of typing every time i want to login,4,2024-05-31,Dashen Bank,Google Play
"It's good enough. But, there is slowing in beginning of the App....",5,2024-05-24,Dashen Bank,Google Play
"Good for safety,take long way though",5,2024-05-22,Dashen Bank,Google Play
üòò,5,2024-05-20,Dashen Bank,Google Play
Bad app that not helping me the is not login,1,2024-05-18,Dashen Bank,Google Play
Good,4,2024-05-15,Dashen Bank,Google Play
Best after removal of screelock password,5,2024-05-13,Dashen Bank,Google Play
"I really don't get how this is the lite version and it is bigger than the og app, ah well it is what it is ig ¬Ø‚Å†\‚Å†_üòÇ_‚Å†/‚Å†¬Ø",5,2024-05-10,Dashen Bank,Google Play
"Dashen Bank is the gold standard of banking in Ethiopia! The mobile app makes banking convenient and efficient. Plus, the branch services is top-notch, with staff always ready to assist with a smile.",5,2024-05-10,Dashen Bank,Google Play
·àõ·ã≠,1,2024-05-09,Dashen Bank,Google Play
Doesn't work most of the time,1,2024-05-09,Dashen Bank,Google Play
that is awesome,5,2024-05-01,Dashen Bank,Google Play
"It's so boring.... I don't wanna say this but this app so tough to take action. It's take long time and also it's conditional mostly it's not available, in 1 day it's work for 1 or 2 hour .... this bank so huge but de app it's not enough to define your exellence",1,2024-04-30,Dashen Bank,Google Play
We,5,2024-04-28,Dashen Bank,Google Play
Jafare has fyguhfiwudgg,5,2024-04-25,Dashen Bank,Google Play
it's fine,5,2024-04-20,Dashen Bank,Google Play
This app is very good Nice app people please use this app üòÉ‚ò∫Ô∏è‚ò∫Ô∏è,5,2024-04-20,Dashen Bank,Google Play
Nice,5,2024-04-18,Dashen Bank,Google Play
Wow amazing platform üôè,5,2024-04-17,Dashen Bank,Google Play
"I tried to log in twice and locked me out. I tried to email them, but no one responded üôÉ please respond to our email back",1,2024-04-12,Dashen Bank,Google Play
Why dont update,5,2024-04-06,Dashen Bank,Google Play
Good app,5,2024-04-06,Dashen Bank,Google Play
Best,5,2024-04-01,Dashen Bank,Google Play
Nice,4,2024-03-31,Dashen Bank,Google Play
This app is so good and its an interesting,3,2024-03-29,Dashen Bank,Google Play
The best easy banking app ever @ Ethiopia,5,2024-03-26,Dashen Bank,Google Play
Amole lite wow its more easy for use and more secured. I really its one step a head,5,2024-03-25,Dashen Bank,Google Play
Excellent and Easy to use.,5,2024-03-25,Dashen Bank,Google Play
wow,5,2024-03-24,Dashen Bank,Google Play
it's good app I'm using it right now but after it have installed doesn't work fastly and again goes to update..plc fix the problem..,3,2024-03-23,Dashen Bank,Google Play
Very nice,5,2024-03-22,Dashen Bank,Google Play
It's good app,5,2024-03-22,Dashen Bank,Google Play
Very secured app but after the last update it takes long time to start .pls minimize the start time ppl might have no patience to wait more than 30 seconds just for the app to open ..,5,2024-03-22,Dashen Bank,Google Play
Nice,4,2024-03-22,Dashen Bank,Google Play
I don't know why I have been stuck with other mobile banking systems when all I needed was amole... I loved it,5,2024-03-22,Dashen Bank,Google Play
Special for me,5,2024-03-21,Dashen Bank,Google Play
Baset app,5,2024-03-20,Dashen Bank,Google Play
it is good App,4,2024-03-19,Dashen Bank,Google Play
Nuuroo usmaan gaamilcom,5,2024-03-18,Dashen Bank,Google Play
good,4,2024-03-18,Dashen Bank,Google Play
Very good app,5,2024-03-17,Dashen Bank,Google Play
Student,5,2024-03-17,Dashen Bank,Google Play
Please apply!cardless cash out systemüôè,2,2024-03-17,Dashen Bank,Google Play
it has a lot of options but it is a slowe while opning by biometric,2,2024-03-17,Dashen Bank,Google Play
The last update is not working correctly so i stop using this app betam huwala ker new dashen bank needs to work on its digital app teams,5,2024-03-17,Dashen Bank,Google Play
How to use application,5,2024-03-17,Dashen Bank,Google Play
cooooolllllll,5,2024-03-17,Dashen Bank,Google Play
I prefered you b/cs your service charge is very fair.,5,2024-03-16,Dashen Bank,Google Play
Excellent App And Easy To Use Every where.,5,2024-03-16,Dashen Bank,Google Play
·â∞·àò·âΩ·â∂·äì·àç,4,2024-03-16,Dashen Bank,Google Play
The best app,5,2024-03-16,Dashen Bank,Google Play
Well done Dashen Bank.,4,2024-03-16,Dashen Bank,Google Play
·â†·å£·àù ·ä†·à™·çç ·äê·ãç,5,2024-03-16,Dashen Bank,Google Play
Good,5,2024-03-13,Dashen Bank,Google Play
"The UI/UX experience is already good, but some minor tweaks in font sizes and color can take it to the top-notch level. Imagine the sheer joy and satisfaction your users will feel when they see the polished and refined interface you've created for them. Don't miss the opportunity to impress them even more with these simple yet impactful changes.",5,2024-03-12,Dashen Bank,Google Play
I m the one here in Dashen bank,5,2024-03-06,Dashen Bank,Google Play
improve more,3,2024-03-04,Dashen Bank,Google Play
Tremendous,5,2024-03-04,Dashen Bank,Google Play
·àà·àò·åç·â£·âµ (login) ·âÄ·à≠·çã·çã ·äê·ãç ·ç¢,1,2024-03-04,Dashen Bank,Google Play
I like this,3,2024-03-03,Dashen Bank,Google Play
Longin fails repeatedly,3,2024-02-28,Dashen Bank,Google Play
One of the best app I have ever seen it's simple to use,5,2024-02-26,Dashen Bank,Google Play
Personal scored,5,2024-02-25,Dashen Bank,Google Play
Nice app,5,2024-02-24,Dashen Bank,Google Play
best app,5,2024-02-24,Dashen Bank,Google Play
Best app,3,2024-02-24,Dashen Bank,Google Play
Good,5,2024-02-24,Dashen Bank,Google Play
Welcome,4,2024-02-22,Dashen Bank,Google Play
Good,5,2024-02-21,Dashen Bank,Google Play
Needs to be underrated. Bad service,1,2024-02-20,Dashen Bank,Google Play
Easy to use,4,2024-02-15,Dashen Bank,Google Play
Its nice,5,2024-02-12,Dashen Bank,Google Play
Mudeme,5,2024-02-12,Dashen Bank,Google Play
The upgraded Amole lite app is nice. I‚Äôve loved it. But #USSD CANNOT BE ADJUSTED FOR NEW CUSTOMERS ESPECIALLY THOSE WHO DO NOT HAVE SMARTPHONES. YOU NEED TO IMPROVE THIS ONE,5,2024-02-11,Dashen Bank,Google Play
Good,1,2024-02-11,Dashen Bank,Google Play
Past,5,2024-02-10,Dashen Bank,Google Play
Nice app,5,2024-02-10,Dashen Bank,Google Play
It doesn't work,5,2024-02-09,Dashen Bank,Google Play
Open,1,2024-02-09,Dashen Bank,Google Play
Good app,1,2024-02-08,Dashen Bank,Google Play
good,5,2024-02-08,Dashen Bank,Google Play
Awesome,5,2024-02-06,Dashen Bank,Google Play
receipt downloading is not avialable in this version,1,2024-02-05,Dashen Bank,Google Play
Good üëç,5,2024-02-04,Dashen Bank,Google Play
Not reliable!,1,2024-02-04,Dashen Bank,Google Play
The last update doesn't work when you chose account to send money on lower Android version,1,2024-02-04,Dashen Bank,Google Play
Nice app,1,2024-02-03,Dashen Bank,Google Play
Exchange rate is not real,5,2024-02-03,Dashen Bank,Google Play
Good,5,2024-02-03,Dashen Bank,Google Play
Good Security,5,2024-02-03,Dashen Bank,Google Play
"It's good app but i can not see the history of transactions on the app and also updated one is not good can't send always says, choose account",5,2024-02-02,Dashen Bank,Google Play
Its good,5,2024-02-02,Dashen Bank,Google Play
Happy day,4,2024-02-01,Dashen Bank,Google Play
"Disabled taking screenshots so there's no way to share payment confirmation screenshot with people. When you think the app couldn't get any worse, somehow these people find a way to do so.",1,2024-02-01,Dashen Bank,Google Play
Too technical.,1,2024-02-01,Dashen Bank,Google Play
Excellent,5,2024-02-01,Dashen Bank,Google Play
ü•∞ü•∞ü•∞ü•∞,5,2024-02-01,Dashen Bank,Google Play
Fast and secured,5,2024-02-01,Dashen Bank,Google Play
Good,5,2024-02-01,Dashen Bank,Google Play
Good but it need additional work it is slow in respond,3,2024-01-31,Dashen Bank,Google Play
Nice app,5,2024-01-31,Dashen Bank,Google Play
My best,5,2024-01-31,Dashen Bank,Google Play
"l am old customer of dashen bank, i started to use this app almost for five month, in those time i didn't saw any negative on this app, its interesting and you can pay and recieve payment easily. from ethiopian banks i give five star its always seek new technology than ever bank.",5,2024-01-31,Dashen Bank,Google Play
Its nice please add reprint to get the receit,5,2024-01-31,Dashen Bank,Google Play
Amole 100%,5,2024-01-31,Dashen Bank,Google Play
I like it this app,4,2024-01-31,Dashen Bank,Google Play
Best,5,2024-01-30,Dashen Bank,Google Play
Smart and best always !,5,2024-01-30,Dashen Bank,Google Play
Ok,1,2024-01-30,Dashen Bank,Google Play
Dashed Bank A...,5,2024-01-29,Dashen Bank,Google Play
Best app,5,2024-01-28,Dashen Bank,Google Play
·ã´·àõ·âΩ·äã·àç ·ä†·ã≠·à∞·à´·àù,1,2024-01-22,Dashen Bank,Google Play
since i started using this app its speed and reliability is great as well. it incorporates all technologies. I am very impressed with the modern work you are doing with little effort.,5,2024-01-22,Dashen Bank,Google Play
"It doesn't work, it keeps saying ""there was a problem submitting your request. Please try again later"" how come banking app service down all the time. It is very irritating.",1,2024-01-17,Dashen Bank,Google Play
Excellent quality Applications Dashen bank for ever,5,2024-01-15,Dashen Bank,Google Play
Good,5,2024-01-13,Dashen Bank,Google Play
Way,5,2024-01-13,Dashen Bank,Google Play
This is the most ridiculous thing I have ever seen they are on maintenance everyother day,1,2023-12-31,Dashen Bank,Google Play
Well improved!,4,2023-12-29,Dashen Bank,Google Play
Keeps hanging ..,3,2023-12-24,Dashen Bank,Google Play
It's exceptional,5,2023-12-24,Dashen Bank,Google Play
Dashen Bank Amole Lite essy to use and the connection is fast.,5,2023-12-23,Dashen Bank,Google Play
Ita fantastic,5,2023-12-23,Dashen Bank,Google Play
It is best app,5,2023-12-19,Dashen Bank,Google Play
Top,5,2023-12-18,Dashen Bank,Google Play
Dashen Bank is App ü•∞üëå,5,2023-12-18,Dashen Bank,Google Play
<> ·àò·çà·ä≠·à´·âΩ·ãç ·ä•·äì ·àµ·à´·âΩ·ãç ·ä†·ã≠·åà·äì·äù·àù ·ç¢ ·â†·å£·àù ·ã®·àö·ã´·àµ·å†·àã app ·äê·ãç·ç¢ ·âÄ·ãµ·àû ·ã´·àç·ãò·àò·äì ·äê·ãç ·â†·ä†·å†·âÉ·àã·ã≠ ·åä·ãú ·ä•·äì ·åà·äï·ãò·â• ·ã®·àö·ã´·ä®·àµ·à≠ app ·äê·ãç ·ç¢ keep our time unless uses this app,1,2023-12-18,Dashen Bank,Google Play
I am very comfortable with the efficiency,5,2023-12-15,Dashen Bank,Google Play
"I tried to use this app for long and failed to do so. Initially, I able to use it even though with difficulty (very slow, need of login and logout) now and then. Then i couldn't use it. I tried to reset with one of the Dashen branch bank but failed",1,2023-12-11,Dashen Bank,Google Play
‚≠êÔ∏è‚≠êÔ∏è‚≠êÔ∏è‚≠êÔ∏è‚≠êÔ∏è,5,2023-12-08,Dashen Bank,Google Play
Too slow!,1,2023-12-05,Dashen Bank,Google Play
a best tecnology appl.,5,2023-11-26,Dashen Bank,Google Play
This app no working 1 star,1,2023-11-23,Dashen Bank,Google Play
This app works so good. But i don't get it why it never show incoming fund transfer report? Have you notice this?,3,2023-11-23,Dashen Bank,Google Play
it s·àµ·àé·ãç ·ä†·çï·çï ·çï·àä·àµ ·â∏·äï·åç ·ä†·äï·ãµ ·çã·à∞·âµ,1,2023-11-22,Dashen Bank,Google Play
There is always room for improvement and an opportunity to adopt! keep improving and keep evolving. I would love to see external services provided by the Amole app to utilize and actively operate our banking account. Option to invest in ideas that could build Ethiopian creativity. Yosef ke Dallas,4,2023-11-22,Dashen Bank,Google Play
"Even though I am a long-time Dashen Bank admirer, I find this app hard to use compared to other banks' mobile apps. It has a problem refreshing account balance, I needed to log out and login to see the updated account balance. Overall, user friendliness of the app needs a serious upgrade. I will improve my rating once problems are addressed.",1,2023-11-22,Dashen Bank,Google Play
Best,5,2023-11-18,Dashen Bank,Google Play
"very fast ,secure and simply to use i like amole",5,2023-11-15,Dashen Bank,Google Play
Amazing,5,2023-11-13,Dashen Bank,Google Play
The best of the best app,5,2023-11-12,Dashen Bank,Google Play
·àà·ä†·å†·âÉ·âÄ·àù ·ä†·àò·â∫ ·ä•·äì ·âÄ·àã·àç ·ã®·àÜ·äê ·ã®·àû·â£·ã≠·àç ·àò·â∞·åç·â†·à™·ã´ ·äê·ãç ·ç¢,5,2023-11-12,Dashen Bank,Google Play
It is a reliable and safe application.,5,2023-11-11,Dashen Bank,Google Play
Good,5,2023-11-11,Dashen Bank,Google Play
"Best app, it saves traveling cost plus work time forgone. Simply bank in your home and hand üôè",5,2023-11-11,Dashen Bank,Google Play
It is compatible.,4,2023-11-11,Dashen Bank,Google Play
It's very good app but always try to open requested update...,4,2023-11-11,Dashen Bank,Google Play
please how can i fix my app it keep saying application error i have tried to uninstall and install again nothing has changed please help,1,2023-11-10,Dashen Bank,Google Play
"It is too slow application than any one of Ethiopian mobile banking apps. Please make it fast, and its feature beautiful. I am a Dashen Bank Customer and user of this app. Thank you.",2,2023-11-10,Dashen Bank,Google Play
Best,5,2023-11-09,Dashen Bank,Google Play
Not working sometimes,3,2023-11-09,Dashen Bank,Google Play
The best one of the internet banking apps I've come across in Ethiopia. Only thing I would like to see added is the ability to get a receipt after the payment has been payed or transferred. Since it only gives a receipt right at the moment of payment and after that there is no way to get a receipt.,5,2023-11-08,Dashen Bank,Google Play
nice app,4,2023-10-31,Dashen Bank,Google Play
Excellent,5,2023-10-28,Dashen Bank,Google Play
Best,5,2023-10-21,Dashen Bank,Google Play
·àù·äï·ãµ·äï ·äê·ãç password üîë expired ·ã®·àö·àà·ãç,5,2023-10-17,Dashen Bank,Google Play
Worst app ever all it does is load and fail plus your customer service on front are not supporting,1,2023-10-17,Dashen Bank,Google Play
Best app I used it,1,2023-10-14,Dashen Bank,Google Play
Faster secure and best international creadite card is the frist bank ethiopian bank to apply prophational card.,5,2023-10-13,Dashen Bank,Google Play
Excllent,5,2023-10-07,Dashen Bank,Google Play
This is nice adds that I like it.,5,2023-09-30,Dashen Bank,Google Play
It is simple and fast.,5,2023-09-29,Dashen Bank,Google Play
üëèüëèüëè,4,2023-09-27,Dashen Bank,Google Play
Vary good,2,2023-09-27,Dashen Bank,Google Play
Amazing banking app.,5,2023-09-26,Dashen Bank,Google Play
Great app,5,2023-09-25,Dashen Bank,Google Play
Best app ever,5,2023-09-10,Dashen Bank,Google Play
Ashabul,5,2023-09-10,Dashen Bank,Google Play
Best easy and secure app thank you,5,2023-09-08,Dashen Bank,Google Play
Best app Ever!,5,2023-09-03,Dashen Bank,Google Play
"Why not we can pay bill,directly from main account, difficult to transfer repeatedly.",5,2023-09-02,Dashen Bank,Google Play
"Aside of some of it's major flows, the worst one yet is that it doesn't give you the full detail of your transaction history. Like the receiver's name and account number. You've to take a screenshot to document it or send it to the receiver as a confirmation.",2,2023-09-02,Dashen Bank,Google Play
Good app for use simple and easy,5,2023-09-01,Dashen Bank,Google Play
·â£·å†·âÉ·àã·ã≠ ·â£·äï·ä© ·ä•·ãà·ã∞·ãã·àà·àÅ·äù,5,2023-08-31,Dashen Bank,Google Play
"Like your slogan, you are one step ahead.",5,2023-08-31,Dashen Bank,Google Play
Good,5,2023-08-31,Dashen Bank,Google Play
Loved,5,2023-08-30,Dashen Bank,Google Play
Very good app and secured,5,2023-08-28,Dashen Bank,Google Play
This app is so simple to use and secured. But while generating receipt or ·ã∞·à®·à∞·äù its required additional app XML viewer or PDF conversion app. Why? Can we view the receipt through jpg viewers?,4,2023-08-26,Dashen Bank,Google Play
Not too bad,3,2023-08-19,Dashen Bank,Google Play
Teribble need a lot of work to improve,1,2023-08-19,Dashen Bank,Google Play
ok,5,2023-08-19,Dashen Bank,Google Play
·àù·à≠·å•·ã®,5,2023-08-18,Dashen Bank,Google Play
Baheru ·å≠·àµ,2,2023-08-16,Dashen Bank,Google Play
Wawu,5,2023-08-12,Dashen Bank,Google Play
Thank Dashen bank,5,2023-08-12,Dashen Bank,Google Play
good,1,2023-08-12,Dashen Bank,Google Play
Good,4,2023-08-11,Dashen Bank,Google Play
Simple and secured,5,2023-08-10,Dashen Bank,Google Play
its nice and easg to use.Also its unique part is very fast,5,2023-08-10,Dashen Bank,Google Play
It's just ewww the app overall,2,2023-08-10,Dashen Bank,Google Play
Love it,5,2023-08-09,Dashen Bank,Google Play
Good App.,5,2023-08-09,Dashen Bank,Google Play
Good,5,2023-08-05,Dashen Bank,Google Play
Its good,5,2023-08-05,Dashen Bank,Google Play
Simplify.,5,2023-08-01,Dashen Bank,Google Play
Amazing,5,2023-08-01,Dashen Bank,Google Play
"Abel Balcha, and Abel Solomon, sad to say what is annoying is to read your comment about password. Your comments on password tell your limited knowledge about digital security. Both comments goes against strong security policies; It is meant to protect your assets. Don't be careless on it. Reconsider your review. In a way you are telling how secure this app is. I hope Dashen will respond to disqualify your review points. It is just not fair.",4,2023-07-30,Dashen Bank,Google Play
goodüëç,4,2023-07-28,Dashen Bank,Google Play
Best,5,2023-07-27,Dashen Bank,Google Play
good app,5,2023-07-27,Dashen Bank,Google Play
"I really enjoy this app because by doing anything it could remind me and saying you logged in with this app, if is not you contact this number.. So I like it",5,2023-07-23,Dashen Bank,Google Play
Tell 6836,1,2023-07-22,Dashen Bank,Google Play
"The login should be auto filled,",3,2023-07-20,Dashen Bank,Google Play
Good,5,2023-07-20,Dashen Bank,Google Play
·ã®·ä†·äï·ãµ ·åä·ãú ·àù·àµ·å•·à≠ ·âÅ·å•·à≠ ·â∂·àé ·ä†·ã≠·àò·å£·àù ·â•·ãô ·à∞·ãì·âµ ·ã´·àµ·å†·â•·âÉ·àç ·àõ·àª·àª·ã´ ·ã≠·ã∞·à®·åç,2,2023-07-20,Dashen Bank,Google Play
Good,5,2023-07-20,Dashen Bank,Google Play
Good app,4,2023-07-18,Dashen Bank,Google Play
Used balance check app,5,2023-07-14,Dashen Bank,Google Play
Nice so perfect,5,2023-07-06,Dashen Bank,Google Play
It is easy to use,5,2023-07-04,Dashen Bank,Google Play
This appi is üëçGood,3,2023-06-09,Dashen Bank,Google Play
·å•·à© ·äê·ãç ·åç·äï chrom ·àã·ã≠ password save ·ä†·ãµ·à≠·åé ·ã´·âÜ·ã´·àç,5,2023-06-09,Dashen Bank,Google Play
Thankz,3,2023-06-08,Dashen Bank,Google Play
Why should change password it's not good if ur client forget password it can be exhausted for client,2,2023-06-08,Dashen Bank,Google Play
OTP not send on time while processing any transactions by this app.,4,2023-06-07,Dashen Bank,Google Play
Good app,5,2023-06-06,Dashen Bank,Google Play
"It is simple to use, one annoying thing is, it demands you to change passward frequently and then, when we get confused which passward we used last time, it locks you out, if you put wrong passward and then tells to go to your bank, which may be miles away. Please make the frequency of passward change less frequent.",2,2023-06-06,Dashen Bank,Google Play
good upp,1,2023-06-06,Dashen Bank,Google Play
best,5,2023-06-05,Dashen Bank,Google Play
Five star,5,2023-05-26,Dashen Bank,Google Play
It's amazing app use it!,5,2023-05-21,Dashen Bank,Google Play
"I really enjoy using the amole app simple and easy. I hope the developers add card management services like change your pin, disable card and so on other than that I enjoy using amole it's great üëç",5,2023-05-16,Dashen Bank,Google Play
I can't update amole lite and when I try to use the old version it can't log on to my account.,3,2023-05-13,Dashen Bank,Google Play
It's good and easy to user from any branch. I say Continue ahead,5,2023-05-10,Dashen Bank,Google Play
Good app,5,2023-05-06,Dashen Bank,Google Play
·çà·å£·äï ·ä•·äì ·àù·à≠·å• ·â£·äï·ä≠ ·äê·ãç mobile banking ·ã∞·àû ·â†·â≥·àù ·ä£·à™·çç ·ä†·äì ·â∞·àé ·ã®·àö·ã∞·à≠·àµ ·ä®·àå·àã bank ·ã®·â∞·àà·ã® ·äê·ãç ·âÄ·å•·àâ·â†·âµ ·ç°·ç° ·ä•·äì·àò·à∞·åç·äì·àà·äï,5,2023-05-05,Dashen Bank,Google Play
Best,5,2023-05-04,Dashen Bank,Google Play
Best app,5,2023-04-28,Dashen Bank,Google Play
This app is not expected from a bank that says they are pioneer in adapting technology.its user interface is worst than other bank its not intuitive at all .it needs lots of work,3,2023-04-28,Dashen Bank,Google Play
Good,5,2023-04-18,Dashen Bank,Google Play
best,5,2023-04-13,Dashen Bank,Google Play
Best Application,5,2023-04-08,Dashen Bank,Google Play
Ok,5,2023-04-01,Dashen Bank,Google Play
·àà ·äï·åç·ãµ ·àµ·à´ yamehon 6 war yamemalsew tenshe bedr eflgalhu,4,2023-03-29,Dashen Bank,Google Play
It`s good.but the transaction fee to other bank is too much,3,2023-03-28,Dashen Bank,Google Play
Best,5,2023-03-27,Dashen Bank,Google Play
Gaariidha!!!,5,2023-03-26,Dashen Bank,Google Play
Good app it is useful for business activities .,5,2023-03-25,Dashen Bank,Google Play
Good app,5,2023-03-25,Dashen Bank,Google Play
Like,5,2023-03-24,Dashen Bank,Google Play
Nice app,4,2023-03-22,Dashen Bank,Google Play
Account is locked out without any wrong password retries 3 times. Sending OTP is unnecessary because it has its own username and password.we can not make transfer without having SIM card on hands.if it require SIM card why we not use USSD no need of app instead .it makes discomfort for using,3,2023-03-20,Dashen Bank,Google Play
Good and reliable service,5,2023-03-19,Dashen Bank,Google Play
"Best app I have ever seen woderfull, always one step ahead.",5,2023-03-19,Dashen Bank,Google Play
Good apps,5,2023-03-19,Dashen Bank,Google Play
Good application for people needs,5,2023-03-18,Dashen Bank,Google Play
What the hell are you doing. How can you release an app update and completely ruin everything. I can even login to begin with. You took it from a 5 to a 1.,1,2023-03-18,Dashen Bank,Google Play
comfortable,5,2023-03-18,Dashen Bank,Google Play
Really what amazing application whcih easily friendly and convinant more finally I would like to say it alawyas updated and modified many times it lacks consistancy.,5,2023-03-13,Dashen Bank,Google Play
Good,5,2023-03-09,Dashen Bank,Google Play
This is good app,4,2023-03-08,Dashen Bank,Google Play
Best mobile bank in Ethiopia i can access this service through different way. I love it,5,2023-02-27,Dashen Bank,Google Play
Wow,5,2023-02-23,Dashen Bank,Google Play
You have made the app more user friendly and easier to access any informantion. Great work from the developers. üëèüëèüëè,5,2023-02-18,Dashen Bank,Google Play
"It is easy to use, fast and secure. I love it keep up the good work!",5,2023-02-15,Dashen Bank,Google Play
Wow,4,2023-02-13,Dashen Bank,Google Play
"Secure,Fast and Easyüëç",5,2023-02-10,Dashen Bank,Google Play
Dashin Bank,5,2023-02-05,Dashen Bank,Google Play
It's good thanks you,5,2023-02-05,Dashen Bank,Google Play
"Its very easy and usefull app,keep it up your good service.",5,2023-02-02,Dashen Bank,Google Play
Excellent,5,2023-01-30,Dashen Bank,Google Play
It's very good,5,2023-01-25,Dashen Bank,Google Play
Good App,1,2023-01-20,Dashen Bank,Google Play
Malif kani yeroo yerodhani update gafat kuni imo rakisadha,2,2023-01-19,Dashen Bank,Google Play
·ã≠·àò·âª·àç,5,2023-01-10,Dashen Bank,Google Play
Nice app,5,2023-01-10,Dashen Bank,Google Play
"This version is better from the previous one, it's speed is admirable!",4,2023-01-01,Dashen Bank,Google Play
Good app.,5,2022-12-30,Dashen Bank,Google Play
Thanks for this application,5,2022-12-29,Dashen Bank,Google Play
Abin kun hedduu midhagadhaa üëçüòç,5,2022-12-28,Dashen Bank,Google Play
It is very good,5,2022-12-28,Dashen Bank,Google Play
Doesn't open.,1,2022-12-24,Dashen Bank,Google Play
Why is not working,3,2022-12-18,Dashen Bank,Google Play
It's nice app tanks befor.,5,2022-12-18,Dashen Bank,Google Play
Nice,5,2022-12-16,Dashen Bank,Google Play
"It's a good app. I like the summery it gives after every transaction. The problem is its asking me to update, when I try to update, it won't.",4,2022-12-15,Dashen Bank,Google Play
It is helpful for my transactions.,5,2022-12-13,Dashen Bank,Google Play
Fantastic app,5,2022-12-13,Dashen Bank,Google Play
"It is nice app, secure. The problem is, it can not remember accounts I have previously transferred to. I have to manually enter account number every time I want to make transfers. The CBE app remembers previously used accounts. Learn from them.",4,2022-12-09,Dashen Bank,Google Play
It's a great app,5,2022-12-08,Dashen Bank,Google Play
Bad app,5,2022-12-07,Dashen Bank,Google Play
Leading bank good job,4,2022-12-07,Dashen Bank,Google Play
"The app is good but It could not syncronize the wallet and the telephone number which is attached to my account. It alerts like ''The Mobile Number is Already registered, Search with customer ID xxxxxxxxxxx''. Try to correct it pls.",3,2022-12-06,Dashen Bank,Google Play
Ibsa abdi nure Ethiopia dire dawa,5,2022-12-06,Dashen Bank,Google Play
v. good app,5,2022-11-27,Dashen Bank,Google Play
App,5,2022-11-25,Dashen Bank,Google Play
"Best Mobile Money in Ethiopia ,one thing missing ,Content sales like concert tickets ,have to embedded in the app ,users should not got to other channels for tickets sales",5,2022-11-25,Dashen Bank,Google Play
Amole lite app is the best upgraded version of dashen bank..... I'm happy by this version and I recommend other to used this app... Thank u,5,2022-11-25,Dashen Bank,Google Play
My best app,2,2022-11-23,Dashen Bank,Google Play
Good,5,2022-11-20,Dashen Bank,Google Play
Better keep it up,5,2022-11-19,Dashen Bank,Google Play
I always love using dashen bank. Its true and simple,5,2022-11-18,Dashen Bank,Google Play
Great,5,2022-11-18,Dashen Bank,Google Play
Interesting and nice mobile banking platform compare with other private banks,4,2022-11-16,Dashen Bank,Google Play
"very simple , fast and friendly interface. with the option to use while we r offline (the thing i liked most about it). very good improvement.",5,2022-11-13,Dashen Bank,Google Play
Best,4,2022-11-10,Dashen Bank,Google Play
good job,1,2022-11-09,Dashen Bank,Google Play
DASHEN BANK ALWAYS ONE STEP AHEAD!!!,5,2022-11-08,Dashen Bank,Google Play
Nice,4,2022-11-04,Dashen Bank,Google Play
Good app,3,2022-11-04,Dashen Bank,Google Play
The structure of the application is okay but it's not work as they expected,1,2022-11-03,Dashen Bank,Google Play
Arif app new bebekule enen xeqmognal,4,2022-11-03,Dashen Bank,Google Play
Excellent,5,2022-11-01,Dashen Bank,Google Play
Simple app,5,2022-10-31,Dashen Bank,Google Play
"It,s ok",5,2022-10-30,Dashen Bank,Google Play
·àê·äò·ä†·åà·ä®·åà·ä®·å®·å∞·åà·ä®,3,2022-10-27,Dashen Bank,Google Play
Fantastic app,5,2022-10-20,Dashen Bank,Google Play
"Best, app is more accessible by wi_fi rather than mob data, since is better improve on it!!!!",5,2022-10-18,Dashen Bank,Google Play
Good app but it needs some improvement on speed and amount transfer limit,5,2022-10-15,Dashen Bank,Google Play
Always one step a head,5,2022-10-11,Dashen Bank,Google Play
"The update description says ""Now you can send funds to your Telebirr Wallet from your bank account"". But it's not available yet please fix it. It is fixed now Thanks üëç",5,2022-09-15,Dashen Bank,Google Play
"Much better than the Amole app, but still needs some improvements. On the transfer screen, the type of transfers' names are missing. Also some of fonts look faded.",4,2022-09-14,Dashen Bank,Google Play
·ãà·ãµ·åÑ·ãã·àà·ãç,4,2022-09-11,Dashen Bank,Google Play
Best app ‚ù§,5,2022-09-08,Dashen Bank,Google Play
Excellent! The improvements are also appreciated. But the fact that the app doesn't have language option is one point that has to be improved.,1,2022-09-08,Dashen Bank,Google Play
What I like about Amole is it send otp for every transaction and make your transaction more secure. But it will be more secure if you make otp only via SMS.,5,2022-09-07,Dashen Bank,Google Play
The greatest app,5,2022-09-07,Dashen Bank,Google Play
very easy to use and added features! keep it up!!! always one step ahead!,5,2022-09-07,Dashen Bank,Google Play
good,1,2022-09-03,Dashen Bank,Google Play
Keep your great work. Absolutely wonderful and Secured App. May be the best mobile banking software in the country. If there is 10 stars i will give.,5,2022-08-25,Dashen Bank,Google Play
The best mobile banking app ever in banking industry.I can't complain anymore what a good work colleague's. VAMOS,5,2022-08-15,Dashen Bank,Google Play
very nice !! And please add telebirr access same!?,5,2022-08-15,Dashen Bank,Google Play
"I like the fact that it sends you a SMS message every time your log in to the application. So if a malicious user access my account, I know straight away. This feature is unique. Excellent job Dashen!",4,2022-08-11,Dashen Bank,Google Play
It is the best app,5,2022-08-11,Dashen Bank,Google Play
Always one step ahead,5,2022-08-02,Dashen Bank,Google Play
Its not god,5,2022-07-30,Dashen Bank,Google Play
Great app,5,2022-07-24,Dashen Bank,Google Play
Its user friendly ü§ôü§ô after using this lite app its fast and easyüòä. ‚ÄºÔ∏èremove the first amole app‚ÄºÔ∏è,5,2022-07-18,Dashen Bank,Google Play
Nice and attractive application developed. Wonderful,5,2022-07-18,Dashen Bank,Google Play
I Like amole lite app because esay to use.highly recommended . Thank you Dashen banküëçüëçüëçüëç,5,2022-07-18,Dashen Bank,Google Play
Amole lite is very simple for any kind of payments. Thank you Dashen Bank!!,5,2022-07-18,Dashen Bank,Google Play
·â†·å£·àù ·ä†·à™·çç!!! ·ä®·âÄ·ãµ·àû·ãç ·ã®·â∞·àª·àà ·âÄ·àà·àç ·ã´·àà app ·äê·ãç·ç¢ ·â∞·àò·âΩ·â∂·äõ·àç‚ù§,4,2022-07-18,Dashen Bank,Google Play
I have been waiting for this a long time. Amazing app...Thanks Dashen Bank...Always one step ahead.,5,2022-07-16,Dashen Bank,Google Play
This app is simple to use and has  receipts for all transactions. Really enjoying it,5,2022-07-16,Dashen Bank,Google Play
Very easy to use and improved performance. üëå The functionalities are also well put. Highly recommended. Thank you Dashen!!,5,2022-07-16,Dashen Bank,Google Play
It is very easy and fast,5,2022-07-16,Dashen Bank,Google Play
Perfect application. Thank you Dashen Bank,5,2022-07-16,Dashen Bank,Google Play
Amole lite is very easy and looks very good. I advice everyone to download and use the app.,5,2022-07-16,Dashen Bank,Google Play
